Indicator,Country,2016,2017,2018,2019,2020
Agricultural land (% of land area),Afghanistan,58.12366803,58.12366803,58.27698818,58.27698818,58.74154823
Agricultural land (% of land area),Albania,43.12773723,42.8569708,42.84967153,42.84671533,42.53850365
Agricultural land (% of land area),Algeria,17.36553219,17.35501081,17.35656799,17.34700415,17.34700415
Agricultural land (% of land area),American Samoa,13.75,13.9,14.05,14.2,14.35
Agricultural land (% of land area),Andorra,40.04255319,40.04255319,40.07234043,40.00021277,39.95170213
Agricultural land (% of land area),Angola,36.75623646,36.71452635,36.7305687,36.7987487,36.81078046
Agricultural land (% of land area),Antigua and Barbuda,20.45454545,20.45454545,20.45454545,20.45454545,20.45454545
Agricultural land (% of land area),Argentina,43.4794953,42.98638136,42.37153631,42.59077926,43.02926517
Agricultural land (% of land area),Armenia,58.89708465,58.87249737,58.914647,58.90410959,58.8689849
Agricultural land (% of land area),Aruba,11.11111111,11.11111111,11.11111111,11.11111111,11.11111111
Agricultural land (% of land area),Australia,44.53992579,48.34061794,46.65809501,47.12377243,46.25247984
Agricultural land (% of land area),Austria,32.35785264,32.16941348,32.14772176,32.12809016,31.53981338
Agricultural land (% of land area),Azerbaijan,57.73557518,57.79560136,57.8253926,57.82781233,57.83824989
Agricultural land (% of land area),"Bahamas, The",1.298701299,1.298701299,1.298701299,1.298701299,1.298701299
Agricultural land (% of land area),Bahrain,10.55198973,10.3974359,10.41131105,10.38461538,10.31847134
Agricultural land (% of land area),Bangladesh,73.11369747,73.45263886,73.95943766,75.83928709,76.26949374
Agricultural land (% of land area),Barbados,23.25581395,23.25581395,23.25581395,23.25581395,23.25581395
Agricultural land (% of land area),Belarus,42.03548978,41.84483812,41.64449699,41.32239549,40.79712287
Agricultural land (% of land area),Belgium,44.61030383,43.82430647,44.71598415,44.79599075,45.06635733
Agricultural land (% of land area),Belize,7.452871548,7.540552389,7.540552389,7.628233231,7.891275756
Agricultural land (% of land area),Benin,35.03015254,35.03015254,35.03015254,35.03015254,35.03015254
Agricultural land (% of land area),Bermuda,5.555555556,5.555555556,5.555555556,5.555555556,5.555555556
Agricultural land (% of land area),Bhutan,13.60633389,13.44903523,13.45044573,13.45044573,13.45044573
Agricultural land (% of land area),Bolivia,34.87974808,34.77480522,34.96409056,35.07377633,35.0850864
Agricultural land (% of land area),Bosnia and Herzegovina,43.14453125,43.515625,43.18359375,43.28125,43.7890625
Agricultural land (% of land area),Botswana,45.63301749,45.63301749,45.63301749,45.63372329,45.63372329
Agricultural land (% of land area),Brazil,28.2549706,28.34106631,28.41562848,28.4901295,28.56461856
Agricultural land (% of land area),British Virgin Islands,46.66666667,46.66666667,46.66666667,46.66666667,46.66666667
Agricultural land (% of land area),Brunei Darussalam,2.542694497,2.542694497,2.542694497,2.542694497,2.542694497
Agricultural land (% of land area),Bulgaria,46.25092115,46.3294031,46.33382461,46.39830508,46.49042004
Agricultural land (% of land area),Burkina Faso,44.23245614,44.65277778,45.36915205,45.75657895,46.10380117
Agricultural land (% of land area),Burundi,76.63551402,77.68691589,78.73831776,79.78971963,80.8411215
Agricultural land (% of land area),Cabo Verde,19.60297767,19.60297767,19.60297767,19.60297767,19.60297767
Agricultural land (% of land area),Cambodia,32.29311126,32.76757251,33.1740528,33.7108305,34.24760764
Agricultural land (% of land area),Cameroon,20.62575363,20.62575363,20.62575363,20.62575363,20.62575363
Agricultural land (% of land area),Canada,6.474755147,6.454410697,6.456819908,6.434356244,6.370735222
Agricultural land (% of land area),Cayman Islands,11.25,11.25,11.25,11.25,11.25
Agricultural land (% of land area),Central African Republic,7.876657357,7.876657357,7.879867733,7.879867733,7.879867733
Agricultural land (% of land area),Chad,39.97617535,39.97617535,39.97617535,39.97617535,39.97617535
Agricultural land (% of land area),Channel Islands,46.91919192,46.56565657,43.28282828,43.28282828,43.28282828
Agricultural land (% of land area),Chile,16.71920913,16.22625657,15.73330401,15.23900518,14.74605397
Agricultural land (% of land area),China,55.70300409,55.62287167,55.54273924,55.46264943,55.46264943
Agricultural land (% of land area),Colombia,40.35042812,39.19513294,39.70076611,39.97656602,39.7046219
Agricultural land (% of land area),Comoros,71.46695325,71.46695325,71.46695325,71.46695325,71.46695325
Agricultural land (% of land area),"Congo, Dem. Rep.",14.41168038,14.69795549,14.8183763,14.92247635,14.95114797
Agricultural land (% of land area),"Congo, Rep.",31.11859444,31.12152269,31.13030747,31.13616398,31.15373353
Agricultural land (% of land area),Costa Rica,34.8021935,34.88053271,34.90990991,34.7826087,34.97845672
Agricultural land (% of land area),Cote d'Ivoire,68.86792453,69.18238994,72.79874214,73.05031447,73.27044025
Agricultural land (% of land area),Croatia,27.62490172,26.74933886,26.51704667,26.87441927,26.89421015
Agricultural land (% of land area),Cuba,59.8490965,60.69364162,60.69364162,61.66666667,61.66666667
Agricultural land (% of land area),Curacao,..,..,..,..,..
Agricultural land (% of land area),Cyprus,11.83874459,13.14069264,14.33408009,13.56367965,13.81485931
Agricultural land (% of land area),Czechia,45.1754954,45.60290118,45.62880456,45.63999974,45.64686659
Agricultural land (% of land area),Denmark,65.6275,65.7825,65.8125,65.649125,65.499675
Agricultural land (% of land area),Djibouti,73.45987921,73.45987921,73.45987921,73.46419327,73.50733391
Agricultural land (% of land area),Dominica,33.33333333,33.33333333,33.33333333,33.33333333,33.33333333
Agricultural land (% of land area),Dominican Republic,50.27944525,50.27944525,50.27944525,51.10349035,51.10349035
Agricultural land (% of land area),Ecuador,22.2096956,22.50765019,21.9358995,21.46078273,21.82315993
Agricultural land (% of land area),"Egypt, Arab Rep.",3.750831684,3.854506806,3.880656989,3.939926666,3.989150635
Agricultural land (% of land area),El Salvador,58.59555985,58.16602317,57.70752896,57.70752896,57.70752896
Agricultural land (% of land area),Equatorial Guinea,3.72228164,3.726916221,3.731550802,3.736185383,3.740463458
Agricultural land (% of land area),Eritrea,62.70366146,62.70688595,62.7035294,62.70206281,62.72263717
Agricultural land (% of land area),Estonia,23.07338394,22.97076023,23.04093567,23.12046784,23.04093567
Agricultural land (% of land area),Eswatini,70.23255814,70,69.8255814,69.59302326,69.47674419
Agricultural land (% of land area),Ethiopia,33.07936603,33.26392822,33.58523429,33.83925761,34.09275178
Agricultural land (% of land area),Faroe Islands,69.01862464,69.01862464,69.00787966,69.00787966,70.32942899
Agricultural land (% of land area),Fiji,17.23590586,17.19759168,17.1592775,17.12096333,17.05528188
Agricultural land (% of land area),Finland,7.485768813,7.469070808,7.475651487,7.481985984,7.468579325
Agricultural land (% of land area),France,52.4475461,52.4100669,52.34176533,52.27069693,52.14754628
Agricultural land (% of land area),French Polynesia,13.10861423,13.39671564,13.68481706,13.68481706,13.97291847
Agricultural land (% of land area),Gabon,8.356564598,8.356564598,8.356564598,8.356564598,8.356564598
Agricultural land (% of land area),"Gambia, The",63.63636364,62.64822134,62.64822134,62.64822134,62.64822134
Agricultural land (% of land area),Georgia,34.45100014,34.31860699,34.16606706,34.14304216,34.21931213
Agricultural land (% of land area),Germany,47.68433707,47.76311647,47.64153644,47.70027763,47.49706632
Agricultural land (% of land area),Ghana,54.31107585,53.10698734,53.69403885,54.84738639,55.39301991
Agricultural land (% of land area),Gibraltar,..,..,..,..,..
Agricultural land (% of land area),Greece,47.60279286,46.96307836,46.11086424,45.5173623,45.5173623
Agricultural land (% of land area),Greenland,0.592301133,0.592301133,0.592301133,0.592301133,0.592301133
Agricultural land (% of land area),Grenada,23.52941176,23.52941176,23.52941176,23.52941176,23.52941176
Agricultural land (% of land area),Guam,31.48148148,31.48148148,29.62962963,29.62962963,29.62962963
Agricultural land (% of land area),Guatemala,41.93542367,42.2135125,42.49160134,42.76969018,43.03844718
Agricultural land (% of land area),Guinea,59.27478431,59.39687449,59.50675566,59.53931304,59.5596614
Agricultural land (% of land area),Guinea-Bissau,28.38655761,28.68669986,28.98684211,28.98684211,28.98684211
Agricultural land (% of land area),Guyana,5.293370587,5.293370587,5.293370587,5.293370587,5.293370587
Agricultural land (% of land area),Haiti,75.03628447,72.9317852,72.38751814,64.94920174,64.94920174
Agricultural land (% of land area),Honduras,30.6014836,31.17347395,31.36115828,31.36115828,31.62034141
Agricultural land (% of land area),"Hong Kong SAR, China",4.761904762,4.857142857,4.761904762,4.761904762,3.80952381
Agricultural land (% of land area),Hungary,57.87858865,58.10870042,58.03199649,57.83475783,53.8754394
Agricultural land (% of land area),Iceland,18.67331671,18.67331671,18.56590301,18.56590301,18.56590301
Agricultural land (% of land area),India,60.39909996,60.2839388,60.24356466,60.21981337,60.04586286
Agricultural land (% of land area),Indonesia,31.79728141,33.71470542,34.03427608,34.14079964,34.2473232
Agricultural land (% of land area),"Iran, Islamic Rep.",28.21410153,28.61941448,28.91525424,28.96045196,28.98469442
Agricultural land (% of land area),Iraq,21.44298456,21.48905392,21.53512328,21.58119264,21.74243541
Agricultural land (% of land area),Ireland,64.75540717,65.16185223,65.55378139,65.66990855,65.49571781
Agricultural land (% of land area),Isle of Man,71.40350877,70.52631579,70.70175439,70.70175439,69.8245614
Agricultural land (% of land area),Israel,25.50831793,29.75970425,29.6349353,29.50092421,29.87060998
Agricultural land (% of land area),Italy,43.32505969,43.3743296,41.94874847,44.36999564,42.33226362
Agricultural land (% of land area),Jamaica,38.50415512,38.50415512,38.50415512,38.50415512,38.50415512
Agricultural land (% of land area),Japan,13.20438957,13.10836763,13.02057613,12.93552812,12.84499314
Agricultural land (% of land area),Jordan,12.00675828,11.34264474,11.50934895,11.67308602,11.58862085
Agricultural land (% of land area),Kazakhstan,80.09856651,80.08804682,80.02226173,79.25854725,79.26925214
Agricultural land (% of land area),Kenya,48.62951119,48.6488386,48.668166,48.68749341,48.68749341
Agricultural land (% of land area),Kiribati,41.97530864,41.97530864,41.97530864,41.97530864,41.97530864
Agricultural land (% of land area),"Korea, Dem. People's Rep.",21.75899012,21.59289096,21.59289096,21.55136617,21.55136617
Agricultural land (% of land area),"Korea, Rep.",17.44607084,17.19515947,16.94011485,16.77254098,16.60860656
Agricultural land (% of land area),Kosovo,..,..,..,..,..
Agricultural land (% of land area),Kuwait,8.417508418,8.496071829,8.417508418,8.417508418,8.417508418
Agricultural land (% of land area),Kyrgyz Republic,54.95881126,54.9535975,54.07090719,54.05839416,54.0552659
Agricultural land (% of land area),Lao PDR,10.1169844,9.787261698,9.457538995,9.127816291,8.79982669
Agricultural land (% of land area),Latvia,31.03154579,31.06368618,31.14403715,31.49758144,31.64068777
Agricultural land (% of land area),Lebanon,65.59139785,65.81818182,65.64516129,65.62072336,66.20723363
Agricultural land (% of land area),Lesotho,77.60210804,79.64426877,80.14822134,80.13833992,80.13833992
Agricultural land (% of land area),Liberia,19.17029381,19.48389016,19.79758929,19.96511628,19.96511628
Agricultural land (% of land area),Libya,8.723871012,8.723871012,8.723871012,8.723871012,8.723871012
Agricultural land (% of land area),Liechtenstein,32.5,32.375,32.375,32.3125,32.3125
Agricultural land (% of land area),Lithuania,47.15526324,46.8590859,47.05412741,47.50878314,46.99457042
Agricultural land (% of land area),Luxembourg,50.74889491,50.94582942,51.10159024,51.11440846,51.32571491
Agricultural land (% of land area),"Macao SAR, China",..,..,..,..,..
Agricultural land (% of land area),Madagascar,70.29047783,70.29047783,70.29047783,70.29047783,70.29047783
Agricultural land (% of land area),Malawi,61.1158252,61.69919389,62.29316928,62.87653797,63.47051336
Agricultural land (% of land area),Malaysia,26.08735352,26.08735352,26.08735352,26.08735352,26.08735352
Agricultural land (% of land area),Maldives,21.33333333,21.33333333,21.33333333,21.33333333,21.33333333
Agricultural land (% of land area),Mali,34.57330416,34.72819807,34.88309198,35.03798589,35.1928798
Agricultural land (% of land area),Malta,32.4375,32.4375,32.4375,32.4375,28.46875
Agricultural land (% of land area),Marshall Islands,38.88888889,38.88888889,38.88888889,38.88888889,38.88888889
Agricultural land (% of land area),Mauritania,38.52721451,38.52721451,38.52721451,38.52721451,38.52721451
Agricultural land (% of land area),Mauritius,43.0645969,43.0645969,43.0645969,43.0645969,43.0645969
Agricultural land (% of land area),Mexico,50.58669204,49.87062424,49.64942514,49.43851437,49.96939222
Agricultural land (% of land area),"Micronesia, Fed. Sts.",7.142857143,7.142857143,7.142857143,7.142857143,7.142857143
Agricultural land (% of land area),Moldova,70.49574209,70.45606567,68.63553016,68.77111467,68.86506146
Agricultural land (% of land area),Monaco,..,..,..,..,..
Agricultural land (% of land area),Mongolia,72.92367713,72.86357138,72.8416348,72.80328629,72.35894359
Agricultural land (% of land area),Montenegro,19.01115242,19.05576208,19.0929368,19.10780669,19.17843866
Agricultural land (% of land area),Morocco,69.17992382,69.56430249,68.39750661,66.34978042,68.02151019
Agricultural land (% of land area),Mozambique,52.1499911,52.43190315,52.66389277,52.66389277,52.66389277
Agricultural land (% of land area),Myanmar,19.5471675,19.99785523,20.02650529,19.88570553,19.88753888
Agricultural land (% of land area),Namibia,47.14013288,47.14134752,47.14134752,47.14134752,47.14134752
Agricultural land (% of land area),Nauru,20,20,20,20,20
Agricultural land (% of land area),Nepal,28.74782002,28.74782002,28.74782002,28.74782002,28.74782002
Agricultural land (% of land area),Netherlands,53.90555391,54.02435402,54.14315414,53.95901396,53.88921889
Agricultural land (% of land area),New Caledonia,10.06728665,10.06728665,10.06728665,10.06728665,10.06728665
Agricultural land (% of land area),New Zealand,40.30990088,40.42383502,39.86935551,39.28829137,38.56291064
Agricultural land (% of land area),Nicaragua,42.15555925,42.22203756,42.24696693,42.24696693,42.30513545
Agricultural land (% of land area),Niger,36.62666772,36.7845583,36.7845583,36.7845583,36.7845583
Agricultural land (% of land area),Nigeria,74.54242015,74.70492001,74.87290974,75.03760554,75.20339932
Agricultural land (% of land area),North Macedonia,50.15860428,50.19825535,50.11895321,50.15860428,50.03965107
Agricultural land (% of land area),Northern Mariana Islands,3.695652174,3.695652174,1.173913043,1.173913043,1.173913043
Agricultural land (% of land area),Norway,2.693886082,2.698027788,2.701337686,2.695892017,2.70656766
Agricultural land (% of land area),Oman,4.639741519,4.691179321,4.716930533,4.72180937,4.713828756
Agricultural land (% of land area),Pakistan,47.72986716,48.00098589,47.93612495,47.11887713,47.63776463
Agricultural land (% of land area),Palau,9.347826087,9.347826087,9.347826087,9.347826087,9.347826087
Agricultural land (% of land area),Panama,29.85698867,29.72207232,29.56322459,29.42841736,29.30843893
Agricultural land (% of land area),Papua New Guinea,2.932473612,3.102504085,3.102504085,3.100295897,3.131210529
Agricultural land (% of land area),Paraguay,42.11965769,42.0919708,42.30339794,42.30843192,42.30843192
Agricultural land (% of land area),Peru,19.09609375,19.15477188,19.29577266,19.12366406,19.52889844
Agricultural land (% of land area),Philippines,42.11020559,42.2242345,42.3013717,42.3785089,42.45564611
Agricultural land (% of land area),Poland,46.94470753,47.23211078,47.3985041,47.44372938,48.12661288
Agricultural land (% of land area),Portugal,39.50664588,40.10008995,40.79190028,43.12531657,43.16609028
Agricultural land (% of land area),Puerto Rico,20.11273957,19.59413754,19.04171364,19.04171364,19.04171364
Agricultural land (% of land area),Qatar,6.179286336,6.266318538,6.440382942,6.440382942,6.440382942
Agricultural land (% of land area),Romania,58.76651599,58.14499305,58.30146036,60.09214186,56.71505563
Agricultural land (% of land area),Russian Federation,13.15843626,13.15843626,13.15843626,13.15843626,13.15843626
Agricultural land (% of land area),Rwanda,81.27280097,81.27280097,79.00283745,77.17875963,79.39197406
Agricultural land (% of land area),Samoa,24.31448763,22.30215827,19.84532374,17.77338129,17.77338129
Agricultural land (% of land area),San Marino,38.33333333,38.33333333,38.33333333,38.33333333,38.33333333
Agricultural land (% of land area),Sao Tome and Principe,41.66666667,42.70833333,43.75,43.75,43.75
Agricultural land (% of land area),Saudi Arabia,80.76838986,80.7540157,80.75373659,80.7634752,80.77321381
Agricultural land (% of land area),Senegal,48.24183244,48.42362229,48.60541214,48.79758999,48.97937984
Agricultural land (% of land area),Serbia,39.51520695,39.09215641,39.60667734,39.56094214,41.40801522
Agricultural land (% of land area),Seychelles,3.369565217,3.369565217,3.369565217,3.369565217,3.369565217
Agricultural land (% of land area),Sierra Leone,54.71044611,54.71044611,54.71044611,54.71044611,54.71044611
Agricultural land (% of land area),Singapore,0.930888575,0.926966292,0.924369748,0.921787709,0.919220056
Agricultural land (% of land area),Sint Maarten (Dutch part),..,..,..,..,..
Agricultural land (% of land area),Slovak Republic,39.22628952,39.08069884,39.28868552,39.20549085,39.16389351
Agricultural land (% of land area),Slovenia,30.65633999,30.54111361,30.39272164,30.40662681,30.31773306
Agricultural land (% of land area),Solomon Islands,4.180064309,4.287245445,4.287245445,4.287245445,4.287245445
Agricultural land (% of land area),Somalia,70.33825358,70.33825358,70.33825358,70.33984761,70.34144164
Agricultural land (% of land area),South Africa,79.41785028,79.41785028,79.41785028,79.41785028,79.41785028
Agricultural land (% of land area),South Sudan,44.87326524,44.8174244,44.70574272,44.70574272,44.70542623
Agricultural land (% of land area),Spain,52.57724736,52.63871383,52.40820971,52.45849173,52.33167922
Agricultural land (% of land area),Sri Lanka,44.43151891,44.59631945,45.44807966,45.44729471,45.45748464
Agricultural land (% of land area),St. Kitts and Nevis,23.07692308,23.07692308,23.07692308,23.07692308,23.07692308
Agricultural land (% of land area),St. Lucia,16.29508197,16.29508197,16.29508197,16.29508197,16.29508197
Agricultural land (% of land area),St. Martin (French part),..,..,..,..,..
Agricultural land (% of land area),St. Vincent and the Grenadines,17.94871795,17.94871795,17.94871795,17.94871795,17.94871795
Agricultural land (% of land area),Sudan,59.98650964,60.14974304,60.31297645,60.31297645,60.31308351
Agricultural land (% of land area),Suriname,0.557692308,0.538461538,0.538461538,0.538461538,0.512820513
Agricultural land (% of land area),Sweden,7.41674708,7.393300602,7.36634329,7.377611261,7.379478334
Agricultural land (% of land area),Switzerland,38.33866073,38.259885,38.18240515,38.10503414,38.0271063
Agricultural land (% of land area),Syrian Arab Republic,75.78351032,75.80477591,75.79201656,75.75741437,75.76853455
Agricultural land (% of land area),Tajikistan,35.12789106,35.35629368,35.38871677,35.43627062,35.42041934
Agricultural land (% of land area),Tanzania,43.65861368,43.89828404,44.13795439,44.37762475,44.61639196
Agricultural land (% of land area),Thailand,44.71021159,44.71999843,44.717447,45.01947582,45.55168373
Agricultural land (% of land area),Timor-Leste,22.93880296,22.97242771,23.00605245,22.95897781,22.95897781
Agricultural land (% of land area),Togo,70.2334988,70.2334988,70.2334988,70.2334988,70.2334988
Agricultural land (% of land area),Tonga,48.61111111,48.61111111,48.61111111,48.61111111,48.61111111
Agricultural land (% of land area),Trinidad and Tobago,10.52631579,10.52631579,10.52631579,10.52631579,10.52631579
Agricultural land (% of land area),Tunisia,62.45236869,62.71176622,62.4388517,62.4388517,62.4388517
Agricultural land (% of land area),Turkiye,49.80055351,49.32759898,49.11710822,49.00536621,49.06513519
Agricultural land (% of land area),Turkmenistan,72.00646905,72.00646905,72.00646905,72.00646905,72.00646905
Agricultural land (% of land area),Turks and Caicos Islands,1.052631579,1.052631579,1.052631579,1.052631579,1.052631579
Agricultural land (% of land area),Tuvalu,60,60,60,60,60
Agricultural land (% of land area),Uganda,71.88809096,71.88809096,71.88809096,71.88809096,71.88809096
Agricultural land (% of land area),Ukraine,71.66531444,71.61919558,71.33068692,71.2996203,71.2996203
Agricultural land (% of land area),United Arab Emirates,5.404111518,5.404111518,5.375246409,5.497043086,5.488594762
Agricultural land (% of land area),United Kingdom,71.71488364,72.19506675,71.71852023,72.4229988,71.34004919
Agricultural land (% of land area),United States,44.30370531,44.36336735,44.36336735,44.36336735,44.36336735
Agricultural land (% of land area),Uruguay,81.50668495,81.26442692,81.08101931,80.71820363,80.3531025
Agricultural land (% of land area),Uzbekistan,57.9805307,57.95255431,57.92340673,58.00705928,58.28321797
Agricultural land (% of land area),Vanuatu,15.34044299,15.34044299,15.34044299,15.34044299,15.34044299
Agricultural land (% of land area),"Venezuela, RB",24.37503543,24.37503543,24.37503543,24.37503543,24.37503543
Agricultural land (% of land area),Viet Nam,38.84079429,38.82796272,38.73445023,39.52410275,39.43476832
Agricultural land (% of land area),Virgin Islands (U.S.),11.42857143,11.42857143,9.428571429,9.428571429,9.428571429
Agricultural land (% of land area),West Bank and Gaza,72.16249169,71.3877907,71.22772425,70.65237542,67.75142857
Agricultural land (% of land area),"Yemen, Rep.",44.29380457,44.41919048,44.41919048,44.41919048,44.41919048
Agricultural land (% of land area),Zambia,31.93344005,32.06795894,32.06795894,32.06795894,32.06795894
Agricultural land (% of land area),Zimbabwe,41.87669639,41.87669639,41.87669639,41.87669639,41.87669639
CO2 emissions (kt),Afghanistan,9294.93,10022.78,10972.38,11238.83,8709.47
CO2 emissions (kt),Albania,4573.2,5403.7,5316.1,4993.3,4383.2
CO2 emissions (kt),Algeria,154654.3,157704.4,164534.1,170582.4,161563
CO2 emissions (kt),American Samoa,..,..,..,..,..
CO2 emissions (kt),Andorra,468.992,465.328,494.64,479.984,448.884399
CO2 emissions (kt),Angola,29520.7,25064.8,23637.4,24382.9,19814.5
CO2 emissions (kt),Antigua and Barbuda,500.5,500.1,508.6,509,474.6
CO2 emissions (kt),Argentina,183158.7,179267.3,176894.6,168162,154535.9
CO2 emissions (kt),Armenia,5066.7,5371.3,5712.2,6195.6,6746.6
CO2 emissions (kt),Aruba,..,..,..,..,..
CO2 emissions (kt),Australia,394803.6,397149.4,396059.9,395199.1,378996.8
CO2 emissions (kt),Austria,63697.1,65867.7,63131.4,64497.8,59142.4
CO2 emissions (kt),Azerbaijan,32239.4,31957,32728.1,35521,34305
CO2 emissions (kt),"Bahamas, The",2040.7,2170.2,2795.4,2622.7,2456
CO2 emissions (kt),Bahrain,30301.1,30514.9,30844.4,32966.8,32470.2
CO2 emissions (kt),Bangladesh,81128.9,87658,95944.6,92645,85493.1
CO2 emissions (kt),Barbados,1290.77,1179.97,1270.17,1167.27,1096.07
CO2 emissions (kt),Belarus,55201.4,56247,59271.6,57681.2,54801.5
CO2 emissions (kt),Belgium,94171.6,92587.4,93523.2,92989.4,85364.1
CO2 emissions (kt),Belize,651.3,643.1,630,736.2,687.6
CO2 emissions (kt),Benin,6739,6876.2,7604,7475.5,7980.4
CO2 emissions (kt),Bermuda,..,..,..,..,..
CO2 emissions (kt),Bhutan,1228.4,1309.5,1454.3,1433,1035.2
CO2 emissions (kt),Bolivia,21328.7,21628.2,21881.2,21828.8,18375.3
CO2 emissions (kt),Bosnia and Herzegovina,22356.6,22692.7,22615.8,21124.3,20946.8
CO2 emissions (kt),Botswana,6629.312,7337.512,8061.3875,7198.3,5763.687
CO2 emissions (kt),Brazil,447077.3,455684.8,433838.8,434318,414138.8
CO2 emissions (kt),British Virgin Islands,..,..,..,..,..
CO2 emissions (kt),Brunei Darussalam,6968.5,7290.2,7540,7057.8,9588
CO2 emissions (kt),Bulgaria,41586.7,43885.1,40898.2,39159.9,34138.1
CO2 emissions (kt),Burkina Faso,3997.8,4625.2,5147.7,5646.5,5456.7
CO2 emissions (kt),Burundi,442,529.1,664.9,707.4,713.466
CO2 emissions (kt),Cabo Verde,542.9,584.7,594.7,617.2,620.6
CO2 emissions (kt),Cambodia,11066.4,12660.5,13555.7,18093.2,18652.8
CO2 emissions (kt),Cameroon,8974.7,9076,9749.7,9557.3,9928.4
CO2 emissions (kt),Canada,556874.1,568175.9,579573.9,566001.8,516873.7
CO2 emissions (kt),Cayman Islands,..,..,..,..,..
CO2 emissions (kt),Central African Republic,206.4,222.4,229.1,235.4,236.6
CO2 emissions (kt),Chad,1469.87,1488.2,1557.4,1583.6,1568.4
CO2 emissions (kt),Channel Islands,..,..,..,..,..
CO2 emissions (kt),Chile,86504.7,87136.9,86581.3,91915.4,84827.8
CO2 emissions (kt),China,9860914,10089273.2,10567262,10762824,10944686.2
CO2 emissions (kt),Colombia,83526.2,75674,79355.2,79186.7,79057.6
CO2 emissions (kt),Comoros,217.9,279,302.7,326.2,328.2
CO2 emissions (kt),"Congo, Dem. Rep.",2421.14,2845,2813.9,3031.2,3025.6
CO2 emissions (kt),"Congo, Rep.",5497.6,5406.7,6216.9,7006.1,7153.9
CO2 emissions (kt),Costa Rica,8008.9,8173.5,8166.6,7956.4,6967.4
CO2 emissions (kt),Cote d'Ivoire,9593.5,10563.8,10194.8,10838.9,10894.9
CO2 emissions (kt),Croatia,16876.8,17407.9,16433.4,16523.3,15626.9
CO2 emissions (kt),Cuba,27176.4,26241.3,26674.6,24418.5,24327.8
CO2 emissions (kt),Curacao,..,..,..,..,..
CO2 emissions (kt),Cyprus,7219.2,7361.2,7198.6,7191,6771.8
CO2 emissions (kt),Czechia,102998,103549.9,102734.3,97712.9,88835.2
CO2 emissions (kt),Denmark,35340.3,33184,33133.3,29696.5,27356.5
CO2 emissions (kt),Djibouti,395.47,403.4,414.9,428.27,427.7
CO2 emissions (kt),Dominica,182.5,165.6,165.3,174.1,162.8
CO2 emissions (kt),Dominican Republic,24593.5,23551.3,25366,25775.2,22881.3
CO2 emissions (kt),Ecuador,39791.7,38549.3,40273.2,39631.4,34431
CO2 emissions (kt),"Egypt, Arab Rep.",235425.8,244540.5,237983,217908.3,210752.3
CO2 emissions (kt),El Salvador,7125.1,6344.9,6844.9,7912.7,6376.3
CO2 emissions (kt),Equatorial Guinea,5830.1,5369.3,5068.5,4876.5,4350.4
CO2 emissions (kt),Eritrea,580.5,581.47,677.7,697.2,706.4
CO2 emissions (kt),Estonia,15907.2,16773.5,15716.9,10060.7,7097.52
CO2 emissions (kt),Eswatini,1116,1105.8,1105.8,1169.5,1147.7
CO2 emissions (kt),Ethiopia,15247.2,15882.4,17028.4,17708,18098
CO2 emissions (kt),Faroe Islands,..,..,..,..,..
CO2 emissions (kt),Fiji,1198.6,1331.1,1387.2,1393.5,1028.2
CO2 emissions (kt),Finland,45700.3,43015.4,44395.5,40987.1,36329.9
CO2 emissions (kt),France,313835.2,317721.2,306948.4,300561.6,267154.7
CO2 emissions (kt),French Polynesia,..,..,..,..,..
CO2 emissions (kt),Gabon,6383.7,5344.7,5120.4,5274.5,5349.2
CO2 emissions (kt),"Gambia, The",593.2,602.3,597.8,606.9,611.4
CO2 emissions (kt),Georgia,9813.6,9907.1,9725.2,10549.6,10255
CO2 emissions (kt),Germany,747147.2,732204.2,707770.2,658693.5,603350.5
CO2 emissions (kt),Ghana,14545.3,15135,16774.9,18039.1,19401.16
CO2 emissions (kt),Gibraltar,..,..,..,..,..
CO2 emissions (kt),Greece,66848.6,66795.5,65021.2,59990.3,51002.2
CO2 emissions (kt),Greenland,..,..,..,..,..
CO2 emissions (kt),Grenada,277.4,287.5,320.3,346.2,324.5
CO2 emissions (kt),Guam,..,..,..,..,..
CO2 emissions (kt),Guatemala,17451.9,16530.1,18075.7,19017.8,16865.2
CO2 emissions (kt),Guinea,2806.5,3321.6,3735,4517,4537.9
CO2 emissions (kt),Guinea-Bissau,305,306.6,317.8,325.3,329
CO2 emissions (kt),Guyana,2478.6,2473.8,2587.1,2795.9,2768.5
CO2 emissions (kt),Haiti,3364.54,3326.24,3289.74,3317.34,3209.04
CO2 emissions (kt),Honduras,10394.7,9377,9031.3,10196.4,8835.4
CO2 emissions (kt),"Hong Kong SAR, China",..,..,..,..,..
CO2 emissions (kt),Hungary,44248.4,49449.8,49202.9,47261.8,44769.3
CO2 emissions (kt),Iceland,1633,1671,1699.3,1638.2,1446.6
CO2 emissions (kt),India,2195248.5,2308804.4,2458175.9,2423951.4,2200836.3
CO2 emissions (kt),Indonesia,483978.7,515395.7,568007.6,605290.6,563197
CO2 emissions (kt),"Iran, Islamic Rep.",607216.3,626427.9,637433.7,625251.5,616561.3
CO2 emissions (kt),Iraq,143281.1,156456.4,168154.3,180687.6,163511.5
CO2 emissions (kt),Ireland,39009.8,37729.1,37473.6,35812.2,33742.2
CO2 emissions (kt),Isle of Man,..,..,..,..,..
CO2 emissions (kt),Israel,65233,65906.3,61424.5,62796.3,58471.8
CO2 emissions (kt),Italy,333344.8,329193.3,324884.2,317223,281286.8
CO2 emissions (kt),Jamaica,7549.5,7225,8589,8394.3,5835.6
CO2 emissions (kt),Japan,1164869.4,1150835,1111115.3,1073645.3,1014064.7
CO2 emissions (kt),Jordan,24730,26021.8,24710,23147.9,20974.1
CO2 emissions (kt),Kazakhstan,202475.7,214897.7,216896.7,204592.2,211896.7
CO2 emissions (kt),Kenya,19310.1,20097.2,19253.9,19481.9,19446.8
CO2 emissions (kt),Kiribati,56.7,72.7,73.2,73.6,56.9
CO2 emissions (kt),"Korea, Dem. People's Rep.",28127.7,54286,50121.3,55548.4,52437.2
CO2 emissions (kt),"Korea, Rep.",615443.6,626178.4,630186.6,612133.7,569681.8
CO2 emissions (kt),Kosovo,..,..,..,..,..
CO2 emissions (kt),Kuwait,91376.2,90378.3,92652.1,93863.6,92308.9
CO2 emissions (kt),Kyrgyz Republic,9675.6,9439,11306.8,10017.4,9080.1
CO2 emissions (kt),Lao PDR,15702.2,19054.5,19663.8,19170.9,19178.9
CO2 emissions (kt),Latvia,7145.3,7116.7,7785.2,7569.1,6928.3
CO2 emissions (kt),Lebanon,27755.1,29170.9,27401.3,26916.5,21474.9
CO2 emissions (kt),Lesotho,2126.2,2402.3,2276.6,2300.1,2311.9
CO2 emissions (kt),Liberia,1397.89,1268.4,1126.6,1146.2,1179.5
CO2 emissions (kt),Libya,48694.8,52095.1,54100.1,54692.7,44467
CO2 emissions (kt),Liechtenstein,149.838256,155.769397,142.950403,149.025716,141.996093
CO2 emissions (kt),Lithuania,11203.1,11222.2,11652.5,11735.8,11693.8
CO2 emissions (kt),Luxembourg,8845.9,9006.5,9320.8,9500.3,7853.1
CO2 emissions (kt),"Macao SAR, China",..,..,..,..,..
CO2 emissions (kt),Madagascar,3181.72,3481,3304.87,3927.7,2745.45
CO2 emissions (kt),Malawi,1223.57,1394.6,1609.4,1643.7,1640
CO2 emissions (kt),Malaysia,231669.4,225104.1,241451.4,244882,245139.3
CO2 emissions (kt),Maldives,1465.9,1546.1,1776.1,1999.5,1454
CO2 emissions (kt),Mali,3408.6,3629.8,3867.9,3937.4,4150.7
CO2 emissions (kt),Malta,1352.3,1521.2,1552.5,1658.6,1610.7
CO2 emissions (kt),Marshall Islands,146.5,149.3,151.1,152.3,110
CO2 emissions (kt),Mauritania,2584.2,3408.3,3716.1,3824.8,3847.1
CO2 emissions (kt),Mauritius,4035.5,4174.4,4133.9,4173.7,3720.2
CO2 emissions (kt),Mexico,476394.6,474498.5,444898.4,451828.8,383131.4
CO2 emissions (kt),"Micronesia, Fed. Sts.",147.1,146.7,147.8,148.2,107.5
CO2 emissions (kt),Moldova,8143,8064,8555.9,8921.6,8611.2
CO2 emissions (kt),Monaco,..,..,..,..,..
CO2 emissions (kt),Mongolia,18172.8,19575.5,21545.7,23146.9,21184.7
CO2 emissions (kt),Montenegro,2150.7,2267,2500.3,2601.1,2527.2
CO2 emissions (kt),Morocco,60289.9,63014.9,64286.1,70986.3,66719.5
CO2 emissions (kt),Mozambique,7243.8,7162.3,6875.1,7530.2,6945.5
CO2 emissions (kt),Myanmar,21860.8,32497,32784.5,33995,33874.6
CO2 emissions (kt),Namibia,4152,4224,4279.3,4316.3,3952.8
CO2 emissions (kt),Nauru,52.7,56,54,53.4,41.4
CO2 emissions (kt),Nepal,10735.7,13265.3,15139.4,13860.5,14949.2
CO2 emissions (kt),Netherlands,158499.3,155710.9,151382.3,145939.237,130315.1
CO2 emissions (kt),New Caledonia,..,..,..,..,..
CO2 emissions (kt),New Zealand,31185.7,32927.4,32409,34008.2,31359.7
CO2 emissions (kt),Nicaragua,5410.7,5428.9,5024.8,5131.9,4582.2
CO2 emissions (kt),Niger,2096.26,1901,1956.29,2159.15,2197.95
CO2 emissions (kt),Nigeria,110817.5,108481.2,113633.1,119544.1,111978.1
CO2 emissions (kt),North Macedonia,6962.7,7436.2,6950.6,7956.1,6796.7
CO2 emissions (kt),Northern Mariana Islands,..,..,..,..,..
CO2 emissions (kt),Norway,39578.4,39174.9,38571.5,37661.6,36177.4
CO2 emissions (kt),Oman,72197.6,71633.2,75365,75744.8,71041.5
CO2 emissions (kt),Pakistan,181113.3,198738.8,186865.6,184096.3,184111.2
CO2 emissions (kt),Palau,207.9,213,211.9,217.4,158.2
CO2 emissions (kt),Panama,10652.4,10136.4,9918.8,13099.9,9582.7
CO2 emissions (kt),Papua New Guinea,6560.9,6504.3,7114,7467.5,5491.5
CO2 emissions (kt),Paraguay,7192.6,7920.9,8360.1,8101.6,7575.7
CO2 emissions (kt),Peru,56860.3,54274.3,54589.9,56972.2,46578.9
CO2 emissions (kt),Philippines,120895.1,133456.7,139119.1,145871.3,133471.3
CO2 emissions (kt),Poland,299802.4,312769.9,311754.9,294948.3,279223.8
CO2 emissions (kt),Portugal,48695.2,53272.7,49461.2,44564.7,38973.5
CO2 emissions (kt),Puerto Rico,..,..,..,..,..
CO2 emissions (kt),Qatar,87066.7,87472.1,87099.4,89486.8,87578.3
CO2 emissions (kt),Romania,71585.2,74208.1,75190.2,73942.8,68664
CO2 emissions (kt),Russian Federation,1571517.3,1594550.3,1661000,1703588.7,1618271
CO2 emissions (kt),Rwanda,1148,1255.5,1403.4,1451.1,1382
CO2 emissions (kt),Samoa,246.7,255.2,248.7,278.7,206.5
CO2 emissions (kt),San Marino,..,..,..,..,..
CO2 emissions (kt),Sao Tome and Principe,128.7,134.4,137.5,140.2,141.1
CO2 emissions (kt),Saudi Arabia,561229.7,549749.9,527565.7,526770.3,513555.8
CO2 emissions (kt),Senegal,10132.8,9800.8,10176.6,12297.8,10680.2
CO2 emissions (kt),Serbia,46635,47342.6,46192.4,46030.1,46324.3
CO2 emissions (kt),Seychelles,565.6,570.7,602.3,595.3,598.7
CO2 emissions (kt),Sierra Leone,1170.8,1120,1043.7,1038.8,1048
CO2 emissions (kt),Singapore,44969.8,47324.2,45212.1,45163.2,43705
CO2 emissions (kt),Sint Maarten (Dutch part),..,..,..,..,..
CO2 emissions (kt),Slovak Republic,31497.8,33576.5,33005.1,31032.5,29035.8
CO2 emissions (kt),Slovenia,13903,14123.7,14072.9,13665,12477.3
CO2 emissions (kt),Solomon Islands,298.1,295,300.9,304.8,223.3
CO2 emissions (kt),Somalia,654.4,654.9,656.1,655.7,660.4
CO2 emissions (kt),South Africa,425682.9,435214.5,439644.6,446626,393241.6
CO2 emissions (kt),South Sudan,1730.2,1512.1,1768.9,1824.6,1742.7
CO2 emissions (kt),Spain,248252.1,264723.7,258373.2,241886.5,202705.8
CO2 emissions (kt),Sri Lanka,23167.6,23140.5,21690.3,23427.9,21846.3
CO2 emissions (kt),St. Kitts and Nevis,244.6,243,245.2,247.5,231
CO2 emissions (kt),St. Lucia,505.5,530.9,527.9,534.6,499.2
CO2 emissions (kt),St. Martin (French part),..,..,..,..,..
CO2 emissions (kt),St. Vincent and the Grenadines,255.2,225.1,252.3,235.1,219.8
CO2 emissions (kt),Sudan,21503.1,21579.5,21670.3,22131.5,20796.1
CO2 emissions (kt),Suriname,2954.886,2444.33,2146.53,2656.82,2601.32
CO2 emissions (kt),Sweden,38691.2,38168.2,35915.9,34964.6,33576.1
CO2 emissions (kt),Switzerland,39666.5,38699,37481.3,37376.3,34916.1
CO2 emissions (kt),Syrian Arab Republic,24479.1,25794.4,28303.1,26840.4,25234.6
CO2 emissions (kt),Tajikistan,5496.7,6757.7,8097.3,8965.7,9328.8
CO2 emissions (kt),Tanzania,10646.9,11659.3,12018.9,14960.8,14435.5
CO2 emissions (kt),Thailand,267916.3,267137.1,264483.6,274466.7,265478.9
CO2 emissions (kt),Timor-Leste,518.9,561.8,510.1,617.6,446.1
CO2 emissions (kt),Togo,2305.6,2018.7,2189.9,2442.3,2415.1
CO2 emissions (kt),Tonga,123.9,132.9,134.2,161.5,118.1
CO2 emissions (kt),Trinidad and Tobago,18291.6,18224.7,17763.7,17195.3,15420
CO2 emissions (kt),Tunisia,30317.8,30742.6,31023.1,31045,29293
CO2 emissions (kt),Turkiye,376399,418098.2,414111.9,398772.9,407406.2
CO2 emissions (kt),Turkmenistan,64079.5,63871.6,63317.6,63231.8,63655
CO2 emissions (kt),Turks and Caicos Islands,..,..,..,..,..
CO2 emissions (kt),Tuvalu,7.5,7.7,8.8,8.9,6.6
CO2 emissions (kt),Uganda,4946.3,5172,5866.6,5943,5674.6
CO2 emissions (kt),Ukraine,201655.4,174938.3,185623.8,174599.9,165663.6
CO2 emissions (kt),United Arab Emirates,200398.5,191935,174220.3,185645.7,188088.7
CO2 emissions (kt),United Kingdom,382154.9,366844.1,360555.9,345934.3,308650.3
CO2 emissions (kt),United States,4894499.2,4819365.1,4975300.4,4817710.4,4320532.5
CO2 emissions (kt),Uruguay,6525.1,6103.8,6545.7,6806.7,6514.3
CO2 emissions (kt),Uzbekistan,105333.9,109708.5,112720.5,117687.8,115577.8
CO2 emissions (kt),Vanuatu,151.3,141,177.5,166.9,121.3
CO2 emissions (kt),"Venezuela, RB",150466.7,139787.4,130158,107502.3,72509
CO2 emissions (kt),Viet Nam,222028.5,229877.4,286139.3,341716.8,355323.1
CO2 emissions (kt),Virgin Islands (U.S.),..,..,..,..,..
CO2 emissions (kt),West Bank and Gaza,..,..,..,..,..
CO2 emissions (kt),"Yemen, Rep.",10035.2,9682.2,11349.8,11194.8,9960.1
CO2 emissions (kt),Zambia,5315.3,6810.7,7857.2,7615.7,7607.1
CO2 emissions (kt),Zimbabwe,10450.2,9781,11069.9,10185.3,8312.5
Forest area (% of land area),Afghanistan,1.852781994,1.852781994,1.852781994,1.852781994,1.852781994
Forest area (% of land area),Albania,28.80218978,28.79206204,28.7919708,28.7919708,28.7919708
Forest area (% of land area),Algeria,0.821247986,0.815789794,0.810331602,0.81411035,0.81830896
Forest area (% of land area),American Samoa,86.25,86.1,85.95,85.8,85.65
Forest area (% of land area),Andorra,34.04255319,34.04255319,34.04255319,34.04255319,34.04255319
Forest area (% of land area),Angola,55.20784471,54.76262934,54.31740595,53.87217454,53.42695115
Forest area (% of land area),Antigua and Barbuda,19.04545455,18.90909091,18.75,18.59090909,18.45454545
Forest area (% of land area),Argentina,10.60039683,10.55983688,10.52037315,10.48017861,10.44071488
Forest area (% of land area),Armenia,11.56691254,11.55953635,11.55216017,11.54478398,11.5374078
Forest area (% of land area),Aruba,2.333333333,2.333333333,2.333333333,2.333333333,2.333333333
Forest area (% of land area),Australia,17.42548771,17.42291362,17.42131456,17.42131456,17.42131456
Forest area (% of land area),Austria,47.07695104,47.12045565,47.16396025,47.20746486,47.25096946
Forest area (% of land area),Azerbaijan,13.15441152,13.27314606,13.41393036,13.55336705,13.69418968
Forest area (% of land area),"Bahamas, The",50.93506494,50.93506494,50.93506494,50.93506494,50.93506494
Forest area (% of land area),Bahrain,0.795892169,0.820512821,0.848329049,0.871794872,0.891719745
Forest area (% of land area),Bangladesh,14.46877161,14.46877161,14.46877161,14.46877161,14.46877161
Forest area (% of land area),Barbados,14.65116279,14.65116279,14.65116279,14.65116279,14.65116279
Forest area (% of land area),Belarus,42.90696987,42.97840266,43.05153217,43.12615476,43.19440339
Forest area (% of land area),Belgium,22.76420079,22.76420079,22.76420079,22.76420079,22.76420079
Forest area (% of land area),Belize,57.94300745,57.45374836,56.96492766,56.47566857,55.98640947
Forest area (% of land area),Benin,29.57742107,29.13400142,28.69058177,28.24716211,27.80374246
Forest area (% of land area),Bermuda,18.51851852,18.51851852,18.51851852,18.51851852,18.51851852
Forest area (% of land area),Bhutan,71.23427013,71.28617869,71.34556896,71.39748296,71.44939696
Forest area (% of land area),Bolivia,47.77132835,47.53274255,47.31213884,47.10953568,46.92491461
Forest area (% of land area),Bosnia and Herzegovina,42.50996094,42.73261719,42.73261719,42.73261719,42.73261719
Forest area (% of land area),Botswana,27.75201595,27.54327458,27.3345332,27.12579182,26.91705045
Forest area (% of land area),Brazil,60.07103255,59.83288148,59.70842795,59.55852618,59.41747805
Forest area (% of land area),British Virgin Islands,24.13333333,24.13333333,24.13333333,24.13333333,24.13333333
Forest area (% of land area),Brunei Darussalam,72.10626186,72.10626186,72.10626186,72.10626186,72.10626186
Forest area (% of land area),Bulgaria,35.38135593,35.50110538,35.62085483,35.74060427,35.86035372
Forest area (% of land area),Burkina Faso,23.45175439,23.26900585,23.08625731,22.90350877,22.72076023
Forest area (% of land area),Burundi,10.8894081,10.8894081,10.8894081,10.8894081,10.8894081
Forest area (% of land area),Cabo Verde,11.0471464,11.12158809,11.19602978,11.27047146,11.34491315
Forest area (% of land area),Cambodia,49.2359506,48.35395423,47.47195785,46.58996148,45.7079651
Forest area (% of land area),Cameroon,43.50337416,43.38490829,43.26644243,43.14797656,43.02951069
Forest area (% of land area),Canada,38.71201338,38.7078876,38.70376294,38.69963717,38.69551251
Forest area (% of land area),Cayman Islands,53,53,53.375,53,53
Forest area (% of land area),Central African Republic,35.9931298,35.94497416,35.89681852,35.84866288,35.80050724
Forest area (% of land area),Chad,3.787325286,3.693614994,3.601493011,3.511753494,3.425190597
Forest area (% of land area),Channel Islands,5.151515152,5.151515152,5.151515152,5.151515152,5.151515152
Forest area (% of land area),Chile,23.83086404,23.99619653,24.16152903,24.32686152,24.49215367
Forest area (% of land area),China,22.63049793,22.83070681,23.03091218,23.23111754,23.4313229
Forest area (% of land area),Colombia,54.04190176,53.84386661,53.66424516,53.48463272,53.30501127
Forest area (% of land area),Comoros,18.62976894,18.39333692,18.16227834,17.92584632,17.68941429
Forest area (% of land area),"Congo, Dem. Rep.",57.59058689,57.10477052,56.61894974,56.13312896,55.64731259
Forest area (% of land area),"Congo, Rep.",64.43045388,64.39531479,64.35139092,64.30746706,64.26354319
Forest area (% of land area),Costa Rica,58.15511163,58.47571485,58.79612221,59.11672542,59.43732863
Forest area (% of land area),Cote d'Ivoire,10.34044025,9.985440252,9.630440252,9.275471698,8.920471698
Forest area (% of land area),Croatia,34.38139161,34.51519548,34.55989565,34.60456722,34.65171551
Forest area (% of land area),Cuba,31.1514802,31.23314066,31.23314066,31.23314066,31.23314066
Forest area (% of land area),Curacao,0.157657658,0.157657658,0.157657658,0.157657658,0.157657658
Forest area (% of land area),Cyprus,18.68073593,18.67857143,18.67640693,18.67424242,18.67207792
Forest area (% of land area),Czechia,34.57907007,34.60251263,34.62595519,34.65141732,34.67799193
Forest area (% of land area),Denmark,15.6165,15.64,15.664,15.6875,15.711
Forest area (% of land area),Djibouti,0.241587575,0.242018982,0.243313201,0.245901639,0.250215703
Forest area (% of land area),Dominica,63.82666667,63.82666667,63.82666667,63.82666667,63.82666667
Forest area (% of land area),Dominican Republic,43.71227489,43.87973504,44.0471952,44.93930277,45.10950748
Forest area (% of land area),Ecuador,51.3565389,51.09776131,50.83898373,50.58020615,50.32142857
Forest area (% of land area),"Egypt, Arab Rep.",0.045185594,0.045185594,0.045185594,0.045185594,0.045185594
Forest area (% of land area),El Salvador,29.04826255,28.83108108,28.61389961,28.39671815,28.17953668
Forest area (% of land area),Equatorial Guinea,88.4798574,88.18181818,87.88377897,87.58573975,87.28770053
Forest area (% of land area),Eritrea,8.819973667,8.79432689,8.767757211,8.741453809,8.71821524
Forest area (% of land area),Estonia,55.69933287,57.03859649,57.03859649,57.03859649,57.03859649
Forest area (% of land area),Eswatini,28.64651163,28.71686047,28.7872093,28.85755814,28.92790698
Forest area (% of land area),Ethiopia,15.38289762,15.31829055,15.25348958,15.18867857,15.12398953
Forest area (% of land area),Faroe Islands,0.05730659,0.05730659,0.05730659,0.05730659,0.058565154
Forest area (% of land area),Fiji,60.93596059,61.3015873,61.66721401,62.03284072,62.39846743
Forest area (% of land area),Finland,73.73564542,73.73321927,73.73321927,73.73079327,73.72836744
Forest area (% of land area),France,30.89979673,31.05210964,31.20442255,31.35673546,31.50904837
Forest area (% of land area),French Polynesia,43.05963699,43.05963699,43.05963699,43.05963699,43.05963699
Forest area (% of land area),Gabon,91.50510343,91.45899794,91.41289246,91.36678698,91.32068149
Forest area (% of land area),"Gambia, The",26.24505929,25.67885375,25.11264822,24.54545455,23.97924901
Forest area (% of land area),Georgia,40.61591596,40.61591596,40.61591596,40.61591596,40.61591596
Forest area (% of land area),Germany,32.68548202,32.68454647,32.68361097,32.68267552,32.68267552
Forest area (% of land area),Ghana,34.81691131,35.00061528,35.03234596,35.06407665,35.09693099
Forest area (% of land area),Gibraltar,0,0,0,0,0
Forest area (% of land area),Greece,30.26997673,30.26997673,30.26997673,30.26997673,30.26997673
Forest area (% of land area),Greenland,0.000535997,0.000535997,0.000535997,0.000535997,0.000535997
Forest area (% of land area),Grenada,52.05882353,52.05882353,52.05882353,52.05882353,52.05882353
Forest area (% of land area),Guam,51.85185185,51.85185185,51.85185185,51.85185185,51.85185185
Forest area (% of land area),Guatemala,33.35386338,33.24561404,33.13736469,33.02911534,32.92086599
Forest area (% of land area),Guinea,25.8383526,25.67556568,25.51277877,25.34999186,25.18720495
Forest area (% of land area),Guinea-Bissau,71.61344239,71.31330014,71.01315789,70.71301565,70.4128734
Forest area (% of land area),Guyana,93.73716027,93.69037338,93.64363729,93.59685039,93.5501143
Forest area (% of land area),Haiti,13.05297533,12.94013062,12.82728592,12.71444122,12.60159652
Forest area (% of land area),Honduras,57.58378765,57.39663956,57.20940209,57.02216463,56.83492716
Forest area (% of land area),"Hong Kong SAR, China",..,..,..,..,..
Forest area (% of land area),Hungary,22.55895244,22.5429542,22.5281613,22.51227263,22.49627438
Forest area (% of land area),Iceland,0.485386534,0.492568579,0.496280869,0.502727363,0.509273034
Forest area (% of land area),India,23.91182535,24.00142608,24.09102681,24.18062754,24.27022827
Forest area (% of land area),Indonesia,50.74345453,50.03933382,49.71681778,49.39429641,49.07178037
Forest area (% of land area),"Iran, Islamic Rep.",6.570691815,6.601288136,6.611420647,6.621553159,6.626730354
Forest area (% of land area),Iraq,1.900361184,1.900361184,1.900361184,1.900361184,1.900361184
Forest area (% of land area),Ireland,11.06619248,11.17752939,11.23559297,11.29365655,11.35172013
Forest area (% of land area),Isle of Man,6.070175439,6.070175439,6.070175439,6.070175439,6.070175439
Forest area (% of land area),Israel,6.469500924,6.469500924,6.469500924,6.469500924,6.469500924
Forest area (% of land area),Italy,31.62096998,31.80293388,31.98489777,32.16697045,32.34893496
Forest area (% of land area),Jamaica,53.67867036,54.0378578,54.39704524,54.75530933,55.11449677
Forest area (% of land area),Japan,68.42249657,68.40877915,68.40877915,68.40877915,68.40877915
Forest area (% of land area),Jordan,1.09822032,1.09822032,1.09822032,1.098047165,1.098047165
Forest area (% of land area),Kazakhstan,1.236326258,1.247160796,1.257992073,1.268822462,1.279653295
Forest area (% of land area),Kenya,6.240942475,6.292880486,6.344818498,6.344818498,6.344818498
Forest area (% of land area),Kiribati,1.456790123,1.456790123,1.456790123,1.456790123,1.456790123
Forest area (% of land area),"Korea, Dem. People's Rep.",50.78490159,50.60858733,50.43227307,50.25595881,50.07964455
Forest area (% of land area),"Korea, Rep.",64.87911457,64.78309917,64.67391304,64.51844262,64.41598361
Forest area (% of land area),Kosovo,..,..,..,..,..
Forest area (% of land area),Kuwait,0.350729517,0.350729517,0.350729517,0.350729517,0.350729517
Forest area (% of land area),Kyrgyz Republic,6.549739312,6.572806048,6.667883212,6.762982273,6.858081335
Forest area (% of land area),Lao PDR,72.50216638,72.35268631,72.20320624,72.05372617,71.9042461
Forest area (% of land area),Latvia,54.56329246,54.62548411,54.68767577,54.74986742,54.80941668
Forest area (% of land area),Lebanon,13.77614858,13.83479961,13.89345064,13.95210166,14.01075269
Forest area (% of land area),Lesotho,1.137022398,1.137022398,1.137022398,1.137022398,1.137022398
Forest area (% of land area),Liberia,80.34136213,80.027201,79.71303987,79.39887874,79.08471761
Forest area (% of land area),Libya,0.123327688,0.123327688,0.123327688,0.123327688,0.123327688
Forest area (% of land area),Liechtenstein,41.875,41.875,41.875,41.875,41.875
Forest area (% of land area),Lithuania,34.96056959,35.05691161,35.0950024,35.13254551,35.14851485
Forest area (% of land area),Luxembourg,34.45382721,34.45382721,34.45382721,34.45382721,34.45382721
Forest area (% of land area),"Macao SAR, China",..,..,..,..,..
Forest area (% of land area),Madagascar,21.45527673,21.43255414,21.40983156,21.38712616,21.36440358
Forest area (% of land area),Malawi,25.55897327,25.11349173,24.66801018,24.22252864,23.77704709
Forest area (% of land area),Malaysia,58.78752093,58.63488054,58.48224015,58.32959976,58.17695937
Forest area (% of land area),Maldives,2.733333333,2.733333333,2.733333333,2.733333333,2.733333333
Forest area (% of land area),Mali,10.89666363,10.89666363,10.89666363,10.89666363,10.89666363
Forest area (% of land area),Malta,1.1875,1.3125,1.4375,1.4375,1.4375
Forest area (% of land area),Marshall Islands,52.22222222,52.22222222,52.22222222,52.22222222,52.22222222
Forest area (% of land area),Mauritania,0.324633744,0.319394586,0.314058407,0.308819249,0.30348307
Forest area (% of land area),Mauritius,19.17376064,19.35403105,19.37406109,19.39409114,19.41412118
Forest area (% of land area),Mexico,34.05599424,33.99026724,33.92454024,33.85881839,33.79309139
Forest area (% of land area),"Micronesia, Fed. Sts.",91.85714286,91.9,91.94285714,91.98571429,92.02857143
Forest area (% of land area),Moldova,11.75486618,11.75129219,11.75297169,11.75275726,11.75322187
Forest area (% of land area),Monaco,0,0,0,0,0
Forest area (% of land area),Mongolia,9.103978705,9.103265913,9.102555458,9.101825131,9.099658488
Forest area (% of land area),Montenegro,61.48698885,61.48698885,61.48698885,61.48698885,61.48698885
Forest area (% of land area),Morocco,12.77120771,12.79764732,12.82005378,12.84358055,12.86688326
Forest area (% of land area),Mozambique,47.8500089,47.56809685,47.33610723,47.00794781,46.72519647
Forest area (% of land area),Myanmar,45.50189957,45.06016086,44.61974874,44.17588479,43.73403098
Forest area (% of land area),Namibia,8.408871722,8.322620219,8.236368716,8.150117213,8.06386571
Forest area (% of land area),Nauru,0,0,0,0,0
Forest area (% of land area),Nepal,41.59072201,41.59072201,41.59072201,41.59072201,41.59072201
Forest area (% of land area),Netherlands,10.86308286,10.89100089,10.91862192,10.94653995,10.97416097
Forest area (% of land area),New Caledonia,45.8654267,45.85995624,45.85448578,45.84901532,45.84354486
Forest area (% of land area),New Zealand,37.39603509,37.41160609,37.42793665,37.46731989,37.57012647
Forest area (% of land area),Nicaragua,31.63977065,30.80879176,29.97781286,29.14683397,28.31585508
Forest area (% of land area),Niger,0.891592327,0.881787321,0.871982316,0.862177311,0.852372306
Forest area (% of land area),Nigeria,24.46297957,24.28368304,24.1043842,23.92508537,23.74578653
Forest area (% of land area),North Macedonia,39.71728787,39.71015067,39.71015067,39.71015067,39.71015067
Forest area (% of land area),Northern Mariana Islands,52.95652174,52.95652174,52.95652174,52.95652174,52.95652174
Forest area (% of land area),Norway,33.27109973,33.29453362,33.31726503,33.33990698,33.43535968
Forest area (% of land area),Oman,0.00904685,0.008723748,0.008400646,0.008077544,0.008077544
Forest area (% of land area),Pakistan,5.017953508,4.99418846,4.940561436,4.886934413,4.833307389
Forest area (% of land area),Palau,89.30434783,89.47826087,89.67391304,89.84782609,90.02173913
Forest area (% of land area),Panama,57.46762008,57.3135456,57.11337288,56.95942303,56.80560798
Forest area (% of land area),Papua New Guinea,79.47241973,79.39837919,79.32433865,79.25029811,79.17625756
Forest area (% of land area),Paraguay,43.62730934,42.63848477,41.93538887,41.23231815,40.52922225
Forest area (% of land area),Peru,57.03928125,56.90217188,56.77815625,56.643125,56.50810156
Forest area (% of land area),Philippines,23.64101016,23.75802395,23.87500419,23.99201798,24.10903176
Forest area (% of land area),Poland,30.81420033,30.85339168,30.89460104,30.93985822,30.9770359
Forest area (% of land area),Portugal,36.15499489,36.15499489,36.15499489,36.15499489,36.15499489
Forest area (% of land area),Puerto Rico,55.73506201,55.7903044,55.84554679,55.90078918,55.95603157
Forest area (% of land area),Qatar,0,0,0,0,0
Forest area (% of land area),Romania,30.11582928,30.11582928,30.11582928,30.11582928,30.11582928
Forest area (% of land area),Russian Federation,49.77269955,49.78433608,49.78433608,49.78433608,49.78433608
Forest area (% of land area),Rwanda,11.02553709,11.06607215,11.10660722,11.14714228,11.18767734
Forest area (% of land area),Samoa,57.80565371,58.67266187,58.5,58.32733813,58.15467626
Forest area (% of land area),San Marino,16.66666667,16.66666667,16.66666667,16.66666667,16.66666667
Forest area (% of land area),Sao Tome and Principe,56.64583333,56,55.35416667,54.70833333,54.0625
Forest area (% of land area),Saudi Arabia,0.454484135,0.454484135,0.454484135,0.454484135,0.454484135
Forest area (% of land area),Senegal,42.737028,42.52926817,42.32150834,42.11374851,41.90598868
Forest area (% of land area),Serbia,31.10198948,31.12119826,31.12279899,31.12531443,32.37780949
Forest area (% of land area),Seychelles,73.26086957,73.26086957,73.26086957,73.26086957,73.26086957
Forest area (% of land area),Sierra Leone,36.21224716,35.93890274,35.66555833,35.39221391,35.11886949
Forest area (% of land area),Singapore,22.9696756,22.62640449,22.31092437,21.9972067,21.68523677
Forest area (% of land area),Sint Maarten (Dutch part),10.88235294,10.88235294,10.88235294,10.88235294,10.88235294
Forest area (% of land area),Slovak Republic,40.00353577,40.05615641,40.05615641,40.05615641,40.05615641
Forest area (% of land area),Slovenia,61.85929898,61.7699783,61.67438072,61.57307165,61.47225919
Forest area (% of land area),Solomon Islands,90.24258664,90.21650589,90.19042515,90.16434441,90.13826367
Forest area (% of land area),Somalia,10.02167883,9.899336883,9.776994931,9.654652979,9.532311028
Forest area (% of land area),South Africa,14.17511479,14.14510877,14.11510275,14.08509674,14.05509072
Forest area (% of land area),South Sudan,11.32562151,11.32562151,11.32562151,11.32562151,11.32562151
Forest area (% of land area),Spain,37.14286858,37.15223392,37.15664678,37.16772156,37.17730549
Forest area (% of land area),Sri Lanka,34.34411,34.29305414,34.25804992,34.20671025,34.15809893
Forest area (% of land area),St. Kitts and Nevis,42.30769231,42.30769231,42.30769231,42.30769231,42.30769231
Forest area (% of land area),St. Lucia,34.04918033,34.04918033,34.04918033,34.04918033,34.04918033
Forest area (% of land area),St. Martin (French part),24.8,24.8,24.8,24.8,24.8
Forest area (% of land area),St. Vincent and the Grenadines,73.17948718,73.17948718,73.17948718,73.17948718,73.17948718
Forest area (% of land area),Sudan,10.19710385,10.10494111,10.01277837,9.920615632,9.828452891
Forest area (% of land area),Suriname,97.69435897,97.6475641,97.56910256,97.49057692,97.41211538
Forest area (% of land area),Sweden,68.69449814,68.69449814,68.69449814,68.69906052,68.69907031
Forest area (% of land area),Switzerland,31.77326642,31.8603338,31.94740118,32.03446856,32.12153594
Forest area (% of land area),Syrian Arab Republic,2.843108425,2.843108425,2.843108425,2.843108425,2.843108425
Forest area (% of land area),Tajikistan,3.039123856,3.039123856,3.039123856,3.046328986,3.053534116
Forest area (% of land area),Tanzania,53.76044254,53.23097765,52.70151276,52.17204787,51.64258298
Forest area (% of land area),Thailand,39.18064554,39.11018027,39.03971501,38.96924974,38.89878447
Forest area (% of land area),Timor-Leste,62.3201076,62.24613315,62.13180901,62.03765972,61.94351042
Forest area (% of land area),Togo,22.45100202,22.39658025,22.34215849,22.28773672,22.23331495
Forest area (% of land area),Tonga,12.43055556,12.43055556,12.43055556,12.43055556,12.43055556
Forest area (% of land area),Trinidad and Tobago,44.80896686,44.72709552,44.64522417,44.56335283,44.48148148
Forest area (% of land area),Tunisia,4.483843975,4.49369207,4.503540165,4.51338826,4.523236354
Forest area (% of land area),Turkiye,28.10480361,28.26352923,28.4660941,28.6687889,28.8714837
Forest area (% of land area),Turkmenistan,8.782159045,8.782159045,8.782159045,8.782159045,8.782159045
Forest area (% of land area),Turks and Caicos Islands,11.07368421,11.07368421,11.07368421,11.07368421,11.07368421
Forest area (% of land area),Tuvalu,33.33333333,33.33333333,33.33333333,33.33333333,33.33333333
Forest area (% of land area),Uganda,12.48209655,12.27638141,12.07066627,11.86490126,11.65918612
Forest area (% of land area),Ukraine,16.68249064,16.69428621,16.70348637,16.71384191,16.72419745
Forest area (% of land area),United Arab Emirates,4.467755562,4.467755562,4.467755562,4.467755562,4.467755562
Forest area (% of land area),United Kingdom,13.05749597,13.07816311,13.11536395,13.15256479,13.18563221
Forest area (% of land area),United States,33.89972254,33.86692641,33.86692641,33.86692641,33.86692641
Forest area (% of land area),Uruguay,11.12444292,11.24442921,11.3644155,11.48440178,11.60438807
Forest area (% of land area),Uzbekistan,8.139748656,8.198443898,8.257120614,8.316373665,8.373221378
Forest area (% of land area),Vanuatu,36.28383921,36.28383921,36.28383921,36.28383921,36.28383921
Forest area (% of land area),"Venezuela, RB",52.76714472,52.63667593,52.53416473,52.45961113,52.41301514
Forest area (% of land area),Viet Nam,45.87835488,45.99633698,46.23468154,46.47684165,46.71900175
Forest area (% of land area),Virgin Islands (U.S.),55.17142857,55.6,56.02857143,56.45714286,56.88571429
Forest area (% of land area),West Bank and Gaza,1.684385382,1.684385382,1.684385382,1.684385382,1.684385382
Forest area (% of land area),"Yemen, Rep.",1.039831809,1.039831809,1.039831809,1.039831809,1.039831809
Forest area (% of land area),Zambia,61.29595502,61.04288462,60.78970661,60.53651515,60.28333714
Forest area (% of land area),Zimbabwe,45.57027272,45.45118263,45.33209254,45.21300246,45.09391237
